Bill Number,Billing Period,Flat Number,Bill Date,Due Date,Total Amount,Paid Amount,Outstanding,Status
BILL-202603-A101,2026-03,A-101,2026-03-01,2026-03-15,4500.00,4500.00,0.00,PAID
BILL-202603-B201,2026-03,B-201,2026-03-01,2026-03-15,4300.00,4300.00,0.00,PAID
BILL-202603-A102,2026-03,A-102,2026-03-01,2026-03-15,5050.00,5050.00,0.00,PAID
BILL-202604-A101,2026-04,A-101,2026-04-01,2026-04-15,4300.00,0.00,4300.00,PENDING
BILL-202609-A101,2026-09,A-101,2026-09-29,2026-10-14,4350.00,0.00,4350.00,PENDING
BILL-202609-A102,2026-09,A-102,2026-09-29,2026-10-14,4350.00,0.00,4350.00,PENDING
BILL-202609-B201,2026-09,B-201,2026-09-29,2026-10-14,4350.00,0.00,4350.00,PENDING
BILL-202609-B202,2026-09,B-202,2026-09-29,2026-10-14,4350.00,0.00,4350.00,PENDING
BILL-202609-C501,2026-09,C-501,2026-09-29,2026-10-14,4350.00,0.00,4350.00,PENDING
BILL-202609-D107,2026-09,D-107,2026-09-29,2026-10-14,3850.00,0.00,3850.00,PENDING
BILL-202609-D108,2026-09,D-108,2026-09-29,2026-10-14,3850.00,0.00,3850.00,PENDING
BILL-202609-D107-0794,2026-09,D-107,2026-09-29,2026-10-14,3850.00,0.00,3850.00,PENDING
